{
    "products": [
        {
            "id": "AB01",
            "name": "McCormick, Mermelada, 165 gramos",
            "price": 29.81
        },
        {
            "id": "AB02",
            "name": "Herdez Atún en Aceite, 295 g",
            "price": 36.82
        },
        {
            "id": "AB03",
            "name": "Maggi, Hojas sazonadoras, 4 piezas",
            "price": 11.36
        },
        {
            "id": "AB04",
            "name": "Nescafe, Café soluble, 120 gramos",
            "price": 59
        },
        {
            "id": "AB05",
            "name": "Morama Harina de Almendra, 350 g",
            "price": 190
        },
        {
            "id": "AB06",
            "name": "Boing Boing Jugo sabor Mango de 1 Lt",
            "price": 13.5
        },
        {
            "id": "AB07",
            "name": "Gatorade Gatorade sabor Ponche De Frutas de 1 Lt",
            "price": 16.3
        },
        {
            "id": "AB08",
            "name": "Peñafiel Refresco Sabor Limonada, 600 ml",
            "price": 10.7
        },
        {
            "id": "AB09",
            "name": "Lala Leche UHT Entera con Tapa, 1.5 L, 10 Piezas",
            "price": 294
        },
        {
            "id": "AB10",
            "name": "Bonafont Agua Natural De 1.5Lt",
            "price": 9.5
        },
        {
            "id": "L01",
            "name": "Mastering Bitcoin: Programming the Open Blockchain",
            "price": 714.33
        },
        {
            "id": "L02",
            "name": "Los Secretos De La Mente Millonaria: Cómo dominar el juego interior de la riqueza",
            "price": 189
        },
        {
            "id": "L03",
            "name": "Sidi",
            "price": 274.9
        },
        {
            "id": "L04",
            "name": "Pragmatismo",
            "price": 236.71
        },
        {
            "id": "L05",
            "name": "El cerebro del futuro",
            "price": 349
        },
        {
            "id": "L06",
            "name": "Pelea de gallos",
            "price": 318
        },
        {
            "id": "L07",
            "name": "Permanent Record",
            "price": 353.5
        },
        {
            "id": "L08",
            "name": "Muchas vidas, muchos maestros",
            "price": 169
        },
        {
            "id": "L09",
            "name": "De animales a dioses: Breve historia de la humanidad",
            "price": 349
        },
        {
            "id": "L10",
            "name": "Pedro Páramo",
            "price": 108
        },
        {
            "id": "E01",
            "name": "Dell NOTEBOOK_COMPUTER, 14'', Intel core_i5 3.1GHz, 8GB, 1000GB, Windows 10",
            "price": 13364.78
        },
        {
            "id": "E02",
            "name": "BenQ PD2700QT Monitor 27'' LCD, 2560 x 1440, 1 x HDMI, 3 x USB",
            "price": 9198.8
        },
        {
            "id": "E03",
            "name": "Consola Nintendo Switch - Edición Estándar - Importado - Neón Rojo/Azul",
            "price": 6988
        },
        {
            "id": "E04",
            "name": "Epson Impresora multifuncional EcoTank L4150",
            "price": 3599
        },
        {
            "id": "E05",
            "name": "Seagate STEA2000400 Expansion - Disco duro externo portátil USB 3.0 de 2TB",
            "price": 1431.98
        },
        {
            "id": "E06",
            "name": "Koblenz 00-1582-6 Regulador Negro, Oficina, 1400 VA, 600 W",
            "price": 323
        },
        {
            "id": "E07",
            "name": "Logitech Mouse para Gaming G502 Hero, 16000DPI, 11 Botones, color Negro",
            "price": 798.98
        },
        {
            "id": "E08",
            "name": "Nikon Cámara Reflex D5600 conlente AF-P DX Nikkor 18-55mm f/3.5-5.6G VR",
            "price": 14293.04
        },
        {
            "id": "E09",
            "name": "Xiaomi Mi Box S MDZ-22-AB Dispositivo en Tiempo Real",
            "price": 1322
        },
        {
            "id": "E10",
            "name": "GoPro Bundle HERO7 Black + Shorty con Batería Recargable, Cable USB C.7",
            "price": 7399
        },
        {
            "id": "HC01",
            "name": "Redlemon Lámpara de Luna en Impresión 3D Réplica Exacta Recargable",
            "price": 299
        },
        {
            "id": "HC02",
            "name": "Spring Air Protector de Colchón Supreme Comfort, Impermeable, Tamaño Individual",
            "price": 390
        },
        {
            "id": "HC03",
            "name": "Rubbermaid Brilliance Contenedor de almacenamiento de alimentos",
            "price": 364.31
        },
        {
            "id": "HC04",
            "name": "Redlemon Termo de Acero Inoxidable con Aislamiento Térmico para Agua Fría o Caliente",
            "price": 349
        },
        {
            "id": "HC05",
            "name": "Koblenz Titanium Aspiradora, 1700 Watts, Golden Editions",
            "price": 2449
        },
        {
            "id": "HC06",
            "name": "Prensa para picar ajo con doble cuchilla",
            "price": 185
        },
        {
            "id": "HC07",
            "name": "Birtman BT-45 - Ventilador de Torre con Ionizador y Control Remoto, Negro, 45''",
            "price": 1611.36
        },
        {
            "id": "HC08",
            "name": "iRobot BRAAVA 380T Robot Trapeador, Color Negro",
            "price": 5689
        },
        {
            "id": "HC09",
            "name": "Daewoo KOR-667DW Horno de Microonda",
            "price": 959.31
        },
        {
            "id": "HC10",
            "name": "Refrigerador Hisense RR63D6WBX 6.3 Pies Control Temperatura Semi Automático-Negro",
            "price": 6117.01
        },
        {
            "id": "D01",
            "name": "Rollerface Set de Protectores y Casco",
            "price": 886.65
        },
        {
            "id": "D02",
            "name": "CENTURFIT Caminadora Eléctrica Plegable Uso Rudo Excelente Calidad Gimnasio",
            "price": 4599
        },
        {
            "id": "D03",
            "name": "CAP Barbell Chaleco Ajustable con Peso, 9 kg",
            "price": 858.01
        },
        {
            "id": "D04",
            "name": "Adidas 2018-2019 World Cup Supporters Football (White)",
            "price": 438
        },
        {
            "id": "D05",
            "name": "WILSON NFL MVP Junior Football with Pump and tee, Brown",
            "price": 298.06
        },
        {
            "id": "D06",
            "name": "Battle Guantes Ultra adheribles para Receptor de fútbol Americano",
            "price": 441.45
        },
        {
            "id": "D07",
            "name": "AutoWT Bomba de Aire para Bicicleta pequeña",
            "price": 169.99
        },
        {
            "id": "D08",
            "name": "Xiaomi Mi QiCYCLE Electric Bicicleta Plegable",
            "price": 19999
        },
        {
            "id": "D09",
            "name": "Master Lock 8143D Cerradura de cable autobobinado 4 pies x5/16''",
            "price": 135
        },
        {
            "id": "D10",
            "name": "Polar Bottle Kids Insulated Water Bottle",
            "price": 187.79
        }
    ],
    "users": [
        {
            "email": "ANGEL.DURAN@nile.com",
            "name": "ANGEL DURAN",
            "password": "ANDU073"
        },
        {
            "email": "DIANA.ROBLES@nile.com",
            "name": "DIANA ROBLES",
            "password": "DIRO055"
        },
        {
            "email": "GERARDO.GUIJARRO@nile.com",
            "name": "GERARDO GUIJARRO",
            "password": "GEGU042"
        },
        {
            "email": "ALEJANDRO.HERNANDEZ@nile.com",
            "name": "ALEJANDRO HERNANDEZ",
            "password": "ALHE068"
        },
        {
            "email": "ISAAC.MORA@nile.com",
            "name": "ISAAC MORA",
            "password": "ISMO031"
        },
        {
            "email": "JAVIER.GALLEGOS@nile.com",
            "name": "JAVIER GALLEGOS",
            "password": "JAGA033"
        },
        {
            "email": "JESUS.GARZON@nile.com",
            "name": "JESUS GARZON",
            "password": "JEGA067"
        },
        {
            "email": "SERGIO.LOPEZ@nile.com",
            "name": "SERGIO LOPEZ",
            "password": "SELO003"
        },
        {
            "email": "CRUZ.ESPINOZA@nile.com",
            "name": "CRUZ ESPINOZA",
            "password": "CRES023"
        },
        {
            "email": "LUCERO.MENDEZ@nile.com",
            "name": "LUCERO MENDEZ",
            "password": "LUME032"
        }
    ]
}
